{"cluster_labels": ["cluster_0", "cluster_1", "cluster_2", "cluster_3", "cluster_4", "cluster_5", "cluster_6"], "proportions": [[0.0318031803180318, 0.025202520252025202, 0.024902490249024904, 0.024002400240024, 0.023402340234023402, 0.023402340234023402, 0.023402340234023402, 0.0231023102310231, 0.0231023102310231, 0.0222022202220222, 0.021902190219021903, 0.021902190219021903, 0.021902190219021903, 0.021602160216021602, 0.021602160216021602, 0.0213021302130213, 0.021002100210021003, 0.021002100210021003, 0.0204020402040204, 0.0204020402040204, 0.0204020402040204, 0.019801980198019802, 0.019801980198019802, 0.019801980198019802, 0.0195019501950195, 0.0195019501950195, 0.0195019501950195, 0.019201920192019203, 0.018901890189018902, 0.018901890189018902, 0.0186018601860186, 0.0186018601860186, 0.0186018601860186, 0.018301830183018303, 0.018301830183018303, 0.018301830183018303, 0.018001800180018002, 0.018001800180018002, 0.0177017701770177, 0.0174017401740174, 0.0168016801680168, 0.0165016501650165, 0.016201620162016202, 0.016201620162016202, 0.0159015901590159, 0.0159015901590159, 0.015601560156015602, 0.0153015301530153, 0.013501350135013501, 0.013201320132013201, 0.0102010201020102]], "cluster_sizes": [261, 792, 439, 611, 400, 609, 221], "levels": [["WV", "MN", "NY", "AL", "WI", "OH", "OR", "WY", "VA", "CT", "MI", "ID", "VT", "TX", "UT", "IN", "KS", "MD", "MT", "NJ", "NC", "NV", "WA", "CO", "MS", "RI", "MA", "AZ", "MO", "FL", "NM", "ME", "ND", "DE", "OK", "NE", "SC", "SD", "KY", "IL", "NH", "AR", "DC", "GA", "TN", "HI", "AK", "LA", "PA", "IA", "CA"]], "num_names": ["Account Length", "Area Code", "Churn?", "CustServ Calls", "Day Calls", "Day_Charge", "Day_Mins", "Eve Calls", "Eve_Charge", "Eve_Mins", "Int'l Plan", "Intl Calls", "Intl_Charge", "Intl_Mins", "Night Calls", "Night_Charge", "Night_Mins", "Total_Charge", "Total_min", "VMail Message", "VMail Plan"], "cluster_proportions": [[[0.022988505747126436, 0.02681992337164751, 0.022988505747126436, 0.03065134099616858, 0.019157088122605363, 0.019157088122605363, 0.022988505747126436, 0.02681992337164751, 0.02681992337164751, 0.02681992337164751, 0.034482758620689655, 0.019157088122605363, 0.01532567049808429, 0.019157088122605363, 0.019157088122605363, 0.0038314176245210726, 0.011494252873563218, 0.022988505747126436, 0.0038314176245210726, 0.022988505747126436, 0.034482758620689655, 0.03065134099616858, 0.011494252873563218, 0.011494252873563218, 0.022988505747126436, 0.02681992337164751, 0.03065134099616858, 0.007662835249042145, 0.022988505747126436, 0.03065134099616858, 0.019157088122605363, 0.019157088122605363, 0.02681992337164751, 0.034482758620689655, 0.019157088122605363, 0.007662835249042145, 0.007662835249042145, 0.01532567049808429, 0.01532567049808429, 0.05363984674329502, 0.007662835249042145, 0.022988505747126436, 0.007662835249042145, 0.007662835249042145, 0.019157088122605363, 0.011494252873563218, 0.01532567049808429, 0.0038314176245210726, 0.022988505747126436, 0.0, 0.01532567049808429]], [[0.027777777777777776, 0.036616161616161616, 0.026515151515151516, 0.01893939393939394, 0.025252525252525252, 0.023989898989898988, 0.020202020202020204, 0.026515151515151516, 0.027777777777777776, 0.01893939393939394, 0.020202020202020204, 0.015151515151515152, 0.026515151515151516, 0.012626262626262626, 0.017676767676767676, 0.027777777777777776, 0.026515151515151516, 0.020202020202020204, 0.016414141414141416, 0.022727272727272728, 0.017676767676767676, 0.023989898989898988, 0.021464646464646464, 0.021464646464646464, 0.010101010101010102, 0.021464646464646464, 0.026515151515151516, 0.008838383838383838, 0.020202020202020204, 0.017676767676767676, 0.02904040404040404, 0.021464646464646464, 0.015151515151515152, 0.022727272727272728, 0.016414141414141416, 0.021464646464646464, 0.012626262626262626, 0.016414141414141416, 0.01893939393939394, 0.008838383838383838, 0.020202020202020204, 0.017676767676767676, 0.017676767676767676, 0.012626262626262626, 0.020202020202020204, 0.015151515151515152, 0.015151515151515152, 0.01893939393939394, 0.006313131313131313, 0.017676767676767676, 0.007575757575757576]], [[0.029612756264236904, 0.018223234624145785, 0.02050113895216401, 0.015945330296127564, 0.022779043280182234, 0.018223234624145785, 0.022779043280182234, 0.018223234624145785, 0.01366742596810934, 0.02050113895216401, 0.01366742596810934, 0.02050113895216401, 0.015945330296127564, 0.015945330296127564, 0.02733485193621868, 0.015945330296127564, 0.01366742596810934, 0.018223234624145785, 0.03189066059225513, 0.018223234624145785, 0.015945330296127564, 0.018223234624145785, 0.018223234624145785, 0.022779043280182234, 0.025056947608200455, 0.018223234624145785, 0.02050113895216401, 0.03189066059225513, 0.022779043280182234, 0.02050113895216401, 0.02050113895216401, 0.018223234624145785, 0.02733485193621868, 0.018223234624145785, 0.018223234624145785, 0.018223234624145785, 0.022779043280182234, 0.025056947608200455, 0.025056947608200455, 0.011389521640091117, 0.02050113895216401, 0.01366742596810934, 0.018223234624145785, 0.01366742596810934, 0.011389521640091117, 0.025056947608200455, 0.02050113895216401, 0.015945330296127564, 0.01366742596810934, 0.02050113895216401, 0.015945330296127564]], [[0.0425531914893617, 0.022913256955810146, 0.03436988543371522, 0.022913256955810146, 0.02127659574468085, 0.01800327332242226, 0.027823240589198037, 0.02127659574468085, 0.02127659574468085, 0.024549918166939442, 0.02127659574468085, 0.024549918166939442, 0.019639934533551555, 0.029459901800327332, 0.02127659574468085, 0.014729950900163666, 0.019639934533551555, 0.01309328968903437, 0.019639934533551555, 0.008183306055646482, 0.01309328968903437, 0.022913256955810146, 0.024549918166939442, 0.022913256955810146, 0.022913256955810146, 0.01800327332242226, 0.008183306055646482, 0.02618657937806874, 0.019639934533551555, 0.011456628477905073, 0.014729950900163666, 0.016366612111292964, 0.009819967266775777, 0.016366612111292964, 0.02127659574468085, 0.01800327332242226, 0.03273322422258593, 0.009819967266775777, 0.01800327332242226, 0.022913256955810146, 0.016366612111292964, 0.014729950900163666, 0.022913256955810146, 0.016366612111292964, 0.016366612111292964, 0.02127659574468085, 0.02127659574468085, 0.01800327332242226, 0.01800327332242226, 0.01309328968903437, 0.0032733224222585926]], [[0.0325, 0.035, 0.0225, 0.03, 0.0275, 0.04, 0.015, 0.0175, 0.0275, 0.0275, 0.03, 0.04, 0.02, 0.0175, 0.0175, 0.0275, 0.0275, 0.0125, 0.0225, 0.02, 0.025, 0.01, 0.005, 0.0175, 0.0225, 0.025, 0.0225, 0.01, 0.01, 0.025, 0.0075, 0.0125, 0.015, 0.0125, 0.0175, 0.02, 0.0125, 0.0225, 0.01, 0.015, 0.0125, 0.02, 0.025, 0.03, 0.02, 0.005, 0.0125, 0.015, 0.015, 0.0075, 0.01]], [[0.03776683087027915, 0.008210180623973728, 0.0180623973727422, 0.034482758620689655, 0.026272577996715927, 0.021346469622331693, 0.024630541871921183, 0.024630541871921183, 0.026272577996715927, 0.0180623973727422, 0.0180623973727422, 0.021346469622331693, 0.026272577996715927, 0.024630541871921183, 0.026272577996715927, 0.026272577996715927, 0.014778325123152709, 0.026272577996715927, 0.022988505747126436, 0.019704433497536946, 0.027914614121510674, 0.011494252873563218, 0.022988505747126436, 0.016420361247947456, 0.019704433497536946, 0.016420361247947456, 0.013136288998357963, 0.031198686371100164, 0.0180623973727422, 0.019704433497536946, 0.0180623973727422, 0.019704433497536946, 0.024630541871921183, 0.013136288998357963, 0.0180623973727422, 0.0180623973727422, 0.009852216748768473, 0.022988505747126436, 0.0180623973727422, 0.019704433497536946, 0.016420361247947456, 0.013136288998357963, 0.008210180623973728, 0.016420361247947456, 0.011494252873563218, 0.016420361247947456, 0.014778325123152709, 0.0180623973727422, 0.013136288998357963, 0.013136288998357963, 0.013136288998357963]], [[0.013574660633484163, 0.03167420814479638, 0.027149321266968326, 0.013574660633484163, 0.013574660633484163, 0.027149321266968326, 0.03619909502262444, 0.027149321266968326, 