{
    "shifts": [
        0.0969096909690969, 
        1.5628562856285628, 
        8.099009900990099, 
        200.87203720372048, 
        10.237293729372933, 
        101.06480648064806, 
        200.98034803480346, 
        100.11431143114311, 
        591.8647764776483, 
        17.083540354035392, 
        179.77509750975116, 
        2.764581458145804, 
        100.43564356435644, 
        59.44975397539747, 
        0.14491449144914492, 
        9.039324932493264, 
        100.10771077107711, 
        4.4794479447944795, 
        30.562307230723093, 
        0.27662766276627665, 
        437.18241824182417
    ], 
    "columns": [
        "Int'l Plan", 
        "CustServ Calls", 
        "VMail Message", 
        "Night_Mins", 
        "Intl_Mins", 
        "Account Length", 
        "Eve_Mins", 
        "Eve Calls", 
        "Total_min", 
        "Eve_Charge", 
        "Day_Mins", 
        "Intl_Charge", 
        "Day Calls", 
        "Total_Charge", 
        "Churn?", 
        "Night_Charge", 
        "Night Calls", 
        "Intl Calls", 
        "Day_Charge", 
        "VMail Plan", 
        "Area Code"
    ], 
    "inv_scales": [
        3.379758307611607, 
        0.7601724115890846, 
        0.07305474195207379, 
        0.01977306570587627, 
        0.35818677350927375, 
        0.025111680476996478, 
        0.01971848143878889, 
        0.05019418802721857, 
        0.01111676198947354, 
        0.23198262607841774, 
        0.01835960956903111, 
        1.3266600340745258, 
        0.04982788400659627, 
        0.09521759396132659, 
        2.840365034930382, 
        0.43939186032386723, 
        0.05110225168869313, 
        0.4063035112250191, 
        0.10799795540166254, 
        2.235146982596208, 
        0.023600886084404388
    ]
}