{
    "ratio_total_min": {
        "distribution": [
            0.10584518167456557, 
            0.10426540284360189, 
            0.10584518167456557, 
            0.10584518167456557, 
            0.10426540284360189, 
            0.10584518167456557, 
            0.10584518167456557, 
            0.10426540284360189, 
            0.10584518167456557, 
            0.052132701421800945
        ], 
        "scale": [
            0.08881758441312093, 
            0.09292853548521274, 
            0.09593753171883491, 
            0.09809584197548614, 
            0.10032847327012943, 
            0.10260791704653031, 
            0.1050143281909865, 
            0.10754024504221557, 
            0.1119571700698953, 
            0.1200447754818829
        ]
    }, 
    "Int'l Plan": {
        "distribution": [
            0.9054054054054054, 
            0.0945945945945946
        ], 
        "scale": [
            0.0, 
            1.0
        ]
    }, 
    "CustServ Calls": {
        "distribution": [
            0.22072072072072071, 
            0.3483483483483483, 
            0.24024024024024024, 
            0.12912912912912913, 
            0.03303303303303303, 
            0.021021021021021023, 
            0.003003003003003003, 
            0.003003003003003003, 
            0.0015015015015015015
        ], 
        "scale": [
            0.0, 
            1.0, 
            2.0, 
            3.0, 
            4.0, 
            5.0, 
            6.0, 
            7.0, 
            8.0
        ]
    }, 
    "State": {
        "distribution": [
            0.0125, 
            0.025, 
            0.0325, 
            0.02, 
            0.0125, 
            0.01, 
            0.025, 
            0.0125, 
            0.03, 
            0.0225, 
            0.02, 
            0.0125, 
            0.0075, 
            0.025, 
            0.0175, 
            0.02, 
            0.0225, 
            0.015, 
            0.01, 
            0.01, 
            0.0275, 
            0.0125, 
            0.0175, 
            0.0225, 
            0.0125, 
            0.0225, 
            0.0225, 
            0.0175, 
            0.02, 
            0.0125, 
            0.015, 
            0.015, 
            0.025, 
            0.025, 
            0.0325, 
            0.025, 
            0.025, 
            0.0225, 
            0.0075, 
            0.03, 
            0.0125, 
            0.0175, 
            0.02, 
            0.0225, 
            0.02, 
            0.0175, 
            0.03, 
            0.015, 
            0.0175, 
            0.0225, 
            0.0325
        ], 
        "scale": [
            "AK", 
            "AL", 
            "AR", 
            "AZ", 
            "CA", 
            "CO", 
            "CT", 
            "DC", 
            "DE", 
            "FL", 
            "GA", 
            "HI", 
            "IA", 
            "ID", 
            "IL", 
            "IN", 
            "KS", 
            "KY", 
            "LA", 
            "MA", 
            "MD", 
            "ME", 
            "MI", 
            "MN", 
            "MO", 
            "MS", 
            "MT", 
            "NC", 
            "ND", 
            "NE", 
            "NH", 
            "NJ", 
            "NM", 
            "NV", 
            "NY", 
            "OH", 
            "OK", 
            "OR", 
            "PA", 
            "RI", 
            "SC", 
            "SD", 
            "TN", 
            "TX", 
            "UT", 
            "VA", 
            "VT", 
            "WA", 
            "WI", 
            "WV", 
            "WY"
        ]
    }, 
    "VMail Message": {
        "distribution": [
            0.0, 
            0.0, 
            0.0, 
            0.0, 
            0.0, 
            0.0, 
            0.7492492492492493, 
            0.09009009009009009, 
            0.10510510510510511, 
            0.05555555555555555
        ], 
        "scale": [
            0.0, 
            0.0, 
            0.0, 
            0.0, 
            0.0, 
            0.0, 
            10.5, 
            25.0, 
            32.5, 
            42.5
        ]
    }, 
    "Night_Mins": {
        "distribution": [
            0.10584518167456557, 
            0.10426540284360189, 
            0.10584518167456557, 
            0.10268562401263823, 
            0.10742496050552923, 
            0.10584518167456557, 
            0.10584518167456557, 
            0.10426540284360189, 
            0.10584518167456557, 
            0.052132701421800945
        ], 
        "scale": [
            138.7555, 
            160.614, 
            175.7545, 
            188.957, 
            201.4905, 
            214.91199999999998, 
            229.73650000000006, 
            244.4985000000001, 
            267.7785000000001, 
            324.09500000000014
        ]
    }, 
    "Intl_Mins": {
        "distribution": [
            0.10584518167456557, 
            0.09794628751974724, 
            0.10900473933649289, 
            0.09794628751974724, 
            0.11058451816745656, 
            0.09320695102685624, 
            0.12006319115323855, 
            0.10426540284360189, 
            0.10900473933649289, 
            0.052132701421800945
        ], 
        "scale": [
            6.802000000000001, 
            8.066500000000001, 
            9.0, 
            9.65, 
            10.3, 
            11.0, 
            11.7, 
            12.599999999999998, 
            13.814500000000008, 
            16.714500000000008
        ]
    }, 
    "Account Length": {
        "distribution": [
            0.10725552050473186, 
            0.0914826498422713, 
            0.11829652996845426, 
            0.10252365930599369, 
            0.09936908517350158, 
            0.11041009463722397, 
            0.10410094637223975, 
            0.10410094637223975, 
            0.10883280757097792, 
            0.05362776025236593
        ], 
        "scale": [
            47.66500000000001, 
            66.66500000000002, 
            79.28500000000001, 
            90.28500000000001, 
            100.0, 
            111.0, 
            122.0, 
            133.0, 
            154.0, 
            197.0
        ]
    }, 
    "Eve_Mins": {
        "distribution": [
            0.10584518167456557, 
            0.10426540284360189, 
            0.10584518167456557, 
            0.10584518167456557, 
            0.10268562401263823, 
            0.10742496050552923, 
            0.10584518167456557, 
            0.10426540284360189, 
            0.10584518167456557, 
            0.052132701421800945
        ], 
        "scale": [
            131.4105, 
            157.1655, 
            174.061, 
            187.59750000000003, 
            199.369, 
            211.7715, 
            225.37400000000002, 
            240.836, 
            266.7555000000003, 
            317.87200000000036
        ]
    }, 
    "Eve Calls": {
        "distribution": [
            0.10551181102362205, 
            0.10393700787401575, 
            0.10866141732283464, 
            0.10236220472440945, 
            0.08818897637795275, 
            0.10393700787401575, 
            0.10866141732283464, 
            0.10393700787401575, 
            0.12283464566929134, 
            0.05196850393700787
        ], 
        "scale": [
            73.5, 
            84.0, 
            90.28500000000001, 
            95.28500000000001, 
            100.5, 
            105.5, 
            111.0, 
            117.0, 
            126.6450000000001, 
            151.6450000000001
        ]
    }, 
    "Total_min": {
        "distribution": [
            0.10584518167456557, 
            0.10426540284360189, 
            0.10584518167456557, 
            0.10584518167456557, 
            0.10426540284360189, 
            0.10584518167456557, 
            0.10584518167456557, 
            0.10426540284360189, 
            0.10584518167456557, 
            0.052132701421800945
        ],