{
    "shifts": [
        0.10036984911424895, 
        0.09748781402324709, 
        1.5774278215223096, 
        8.086989126359205, 
        200.45136857892822, 
        10.217960254968123, 
        101.13498312710911, 
        201.5004874390702, 
        99.99625046869141, 
        591.9513685789282, 
        17.12773528308962, 
        179.78155230596184, 
        2.7593625796775334, 
        100.55418072740908, 
        59.47091113610796, 
        9.020438695163117, 
        100.23922009748782, 
        4.47244094488189, 
        30.563374578177818, 
        0.2778402699662542, 
        437.1994750656168
    ], 
    "columns": [
        "ratio_total_min", 
        "Int'l Plan", 
        "CustServ Calls", 
        "VMail Message", 
        "Night_Mins", 
        "Intl_Mins", 
        "Account Length", 
        "Eve_Mins", 
        "Eve Calls", 
        "Total_min", 
        "Eve_Charge", 
        "Day_Mins", 
        "Intl_Charge", 
        "Day Calls", 
        "Total_Charge", 
        "Night_Charge", 
        "Night Calls", 
        "Intl Calls", 
        "Day_Charge", 
        "VMail Plan", 
        "Area Code"
    ], 
    "inv_scales": [
        119.31078106692327, 
        3.3706748551201744, 
        0.7540515158788559, 
        0.07320100163706618, 
        0.019623072528135662, 
        0.35563032756173885, 
        0.025079074695266115, 
        0.01974855792652956, 
        0.05017912845383815, 
        0.011117666507654727, 
        0.23233596492422942, 
        0.018442042349450252, 
        1.3171930902640876, 
        0.050201632288860674, 
        0.09519077539739267, 
        0.4360703500357445, 
        0.05132021398536943, 
        0.40983055539553637, 
        0.10848302447909458, 
        2.232052138151891, 
        0.02360938146152479
    ]
}